{"cameraMode":{"drawMode":0,"name":"Shaded","section":"Shading Mode"},"sceneLighting":true,"audioPlay":false,"sceneViewState":{"showFog":true,"showMaterialUpdate":false,"showSkybox":true,"showFlares":true,"showImageEffects":true,"showParticleSystems":true,"showVisualEffectGraphs":true,"m_FxEnabled":true},"in2DMode":false,"pivot":{"x":229.75323486328126,"y":-16.704299926757814,"z":-260.92974853515627},"rotation":{"x":0.15120746195316316,"y":0.019583430141210557,"z":-0.002975165145471692,"w":0.9883642792701721},"size":503.7860107421875,"orthographic":false}